TeamId,TeamName,SubmissionDate,Score
5586393,MA,"2020-11-07 09:36:11",1154.6
5586412,"Miroslav Valan","2020-11-10 08:04:40",1089.4
5586427,J,"2020-10-20 19:15:08",901.5
5586499,LetsPlayFootball,"2020-11-12 14:12:45",1175.9
5586508,RomanKyrychenko,"2020-09-29 07:46:42",280.8
5586525,Zelos,"2020-09-30 20:10:12",297.0
5586534,Arteta,"2020-10-01 08:02:05",854.2
5586551,"Darryl Woodford","2020-10-04 06:31:08",552.0
5586552,NairitBanerjee,"2020-09-28 18:54:06",576.7
5586575,jayjay,"2020-10-03 14:33:46",809.5
5586576,"Vlad Golubev","2020-11-02 10:29:12",1084.9
5586578,u1234x1234,"2020-09-28 18:41:30",521.5
5586588,Neo,"2020-10-21 14:26:25",764.5
5586598,"Ekaure F. C.","2020-10-24 11:24:40",730.7
5586601,Dancingshoes,"2020-09-28 18:51:24",565.1
5586616,"Manoj Prabhakar","2020-11-08 05:46:41",1200.8
5586620,Hannes,"2020-09-28 18:49:43",550.6
5586641,Giba,"2020-11-12 00:23:21",983.7
5586652,"Appy Patel","2020-09-28 18:53:06",565.9
5586656,"Hossein Masoumi Karakani","2020-11-06 14:49:08",1140.9
5586680,dougallpercival,"2020-09-28 19:13:56",591.1
5586686,PaulWeeks,"2020-10-18 10:12:50",887.9
5586707,Heroseo,"2020-10-10 17:12:04",957.5
5586716,"First to the key.   First to the egg.","2020-11-02 02:15:53",1075.9
5586720,"Siddharth Chandrakant","2020-11-02 18:14:11",1046.9
5586745,NeuroPep,"2020-10-01 16:53:31",621.4
5586765,Lagartijx,"2020-09-28 19:17:52",511.9
5586786,"Paolo Mazza","2020-09-29 06:01:59",553.2
5586792,expere,"2020-10-20 20:47:52",917.5
5586794,"Jan Bre","2020-11-10 00:13:59",1208.2
5586801,"Sergey Popov","2020-09-28 19:06:53",546.8
5586811,北京国安,"2020-10-01 23:22:39",568.3
5586829,bjcmit,"2020-09-29 19:28:34",515.0
5586854,"Burhan ","2020-10-06 10:25:15",631.2
5586867,"Lorenzo Minto","2020-10-12 22:16:14",522.8
5586894,RenatoDeggau,"2020-09-28 21:09:56",623.5
5586916,AIFootball,"2020-10-06 11:59:00",556.7
5586925,"zarsiiiiiit FC","2020-10-11 14:05:51",761.1
5586927,FabienDaniel,"2020-11-17 10:15:04",1063.1
5586935,zelcookie,"2020-09-28 19:30:39",552.5
5586947,Overshooting,"2020-09-28 20:55:38",572.4
5586949,"Antoniu Gugu","2020-09-29 20:53:48",342.8
5586957,"Robo FC","2020-11-07 14:44:57",1157.5
5586959,"The Sniper","2020-11-14 10:43:23",873.8
5586961,"GT ML","2020-09-28 19:37:16",568.7
5586962,Leigh,"2020-09-28 19:37:27",548.3
5586966,"Solo Squad","2020-09-29 16:06:51",316.7
5586969,"Andrew L","2020-09-29 10:30:37",123.4
5586970,"Marek Nurzynski","2020-11-11 08:00:51",1122.6
5586980,"Vivek Mittal","2020-09-28 19:47:31",561.3
5586985,Barada,"2020-09-28 19:54:59",536.6
5586998,Blonde,"2020-09-28 21:36:40",317.4
5587018,"Xavi N","2020-09-29 11:06:47",542.5
5587021,Zhanibek,"2020-09-29 06:59:59",527.9
5587034,"Sasha Korekov","2020-09-28 20:30:57",598.2
5587040,"liverpool fc","2020-10-16 21:55:44",547.5
5587050,shalini,"2020-09-28 19:53:15",584.8
5587051,"Little Boat","2020-09-28 20:11:17",581.9
5587056,nono,"2020-11-18 15:26:36",1242.7
5587072,"Eshan Mewantha Herath","2020-09-28 20:19:42",328.9
5587082,sam,"2020-09-28 19:57:17",578.4
5587097,newbreeze,"2020-09-28 20:03:18",561.1
5587111,beluga,"2020-10-13 11:54:05",949.7
5587125,"Edouard WAMBERGUE","2020-09-29 07:49:30",541.6
5587127,exotol,"2020-09-28 20:24:54",520.9
5587135,"Koromyslov Mikhail","2020-10-01 23:00:29",707.5
5587150,"Abdelkader Rhouati","2020-10-21 20:40:17",992.3
5587153,"Iniyan M D R","2020-10-03 18:16:14",557.5
5587158,Silver4ManCity,"2020-10-26 04:16:44",555.0
5587196,Nanashi,"2020-11-06 18:59:13",1161.2
5587203,JoydeepMedhi,"2020-09-28 20:26:58",577.2
5587205,"Sanjib Medhi","2020-09-28 20:43:34",452.8
5587213,"Nikhilesh Sharma","2020-09-29 02:55:32",575.7
5587220,"Luke Marinos","2020-10-21 10:05:11",940.3
5587222,Konoha,"2020-11-01 10:16:32",1086.1
5587284,"Jhonny Escalona","2020-10-11 15:54:32",735.9
5587288,"Cyril Vincler","2020-09-28 20:48:16",536.8
5587294,SG8,"2020-09-28 20:51:35",549.3
5587307,"Seva Konyakhin","2020-10-16 13:58:21",871.5
5587309,CM0805,"2020-09-28 21:10:34",553.6
5587319,"RTX 4090","2020-09-28 20:53:18",523.4
5587323,Woosung,"2020-09-29 22:43:24",555.2
5587360,"Virilo Tejedor Aguilera","2020-09-28 21:04:37",556.3
5587365,"Ms. Pie","2020-10-03 16:41:26",561.6
5587366,"FC угол головы","2020-11-03 13:15:47",1106.2
5587368,"Daisuke Sakaguchi","2020-11-08 00:17:37",1088.3
5587389,"Michel Bouchou","2020-09-28 22:47:54",547.4
5587394,"Aryansh Omray","2020-09-28 21:18:45",522.5
5587400,conoros,"2020-09-28 21:17:16",544.1
5587407,CebadoresFC,"2020-10-01 23:06:37",588.9
5587412,Hak333m,"2020-09-28 21:20:02",547.2
5587416,"fujiyuu75 ","2020-10-08 07:46:37",507.7
5587417,"Willson Santoso","2020-11-11 09:52:33",1279.8
5587419,mmi333,"2020-10-13 04:01:08",935.0
5587455,akakarii,"2020-11-20 03:04:25",1210.0
5587465,Bizoni,"2020-09-30 14:52:20",654.7
5587469,makogarei,"2020-11-12 23:12:59",1110.4
5587487,"Nat Bel ML Fun","2020-11-11 20:54:47",1095.8
5587489,309FC,"2020-10-17 21:16:27",965.7
5587494,"Michael Greenberg","2020-09-28 21:52:27",549.1
5587496,"Akshay Sehgal","2020-09-28 21:51:59",607.0
5587512,PC,"2020-11-08 22:31:53",1288.7
5587513,"Capivara's Team","2020-10-03 16:21:47",591.8
5587521,ss1404,"2020-09-29 11:01:06",341.3
5587525,aDg4b,"2020-11-18 22:18:09",1313.5
5587536,"Lucky Guess","2020-09-29 16:27:23",574.0
5587545,Izabella,"2020-09-28 22:34:43",536.0
5587584,"Bo Peng","2020-11-01 20:00:03",1145.1
5587595,SumanSudhir,"2020-11-16 18:58:40",1024.2
5587602,sx2154,"2020-10-01 00:18:42",784.0
5587606,Kaanapali,"2020-10-06 03:39:50",562.9
5587628,Angry-Eagle,"2020-11-09 00:38:01",1166.5
5587635,"Devarsh Sheth","2020-10-14 19:22:06",704.6
5587665,zxwind,"2020-09-29 02:59:57",557.4
5587693,"Ivomar Brito Soares","2020-09-28 22:57:38",589.4
5587719,"Eremin Konstantin","2020-09-28 23:18:56",524.2
5587731,CoonNFriends,"2020-10-11 20:26:31",916.5
5587732,"Willy Fitra Hendria","2020-09-28 23:54:59",519.4
5587736,Corona,"2020-11-05 16:52:07",1139.3
5587737,"Sohel Rana","2020-11-17 08:18:19",1177.8
5587779,"Hat Tricks","2020-11-19 03:39:41",1306.4
5587807,Ornery,"2020-10-26 21:21:18",578.5
5587819,necofuryai,"2020-11-12 03:41:53",1162.2
5587824,"Anwesh Satapathy","2020-09-29 00:58:51",554.0
5587848,"Gwangho Choi","2020-10-10 11:33:32",563.5
5587861,Reinforced442,"2020-09-29 00:11:14",566.6
5587863,"Jonny Lee","2020-09-29 00:13:42",560.7
5587890,Tung,"2020-09-29 04:49:43",317.7
5587902,"Drew Gillies","2020-11-08 19:13:13",1163.0
5587907,setcha,"2020-09-29 00:37:35",536.9
5587910,TimeOut,"2020-11-16 02:09:32",1023.4
5587925,jingwora,"2020-09-29 01:31:21",308.0
5587928,u++,"2020-09-29 01:11:19",410.7
5587943,tnk,"2020-09-29 00:43:36",578.2
5587952,"Yan Ting Zhe","2020-09-29 02:55:22",326.4
5587962,"william CORREA","2020-10-29 12:05:46",332.4
5587967,"🐢 Jun Koda","2020-10-05 01:30:49",548.9
5587984,"Enyue Jia","2020-09-29 14:21:52",585.0
5588005,"Chanran Kim","2020-11-14 14:44:59",1075.9
5588038,suk1yak1,"2020-10-05 21:59:33",880.4
5588050,"Bhargav Kowshik","2020-10-05 14:13:15",568.7
5588056,aprilhare,"2020-10-01 03:45:14",616.1
5588079,GURUC,"2020-09-29 01:36:51",326.4
5588103,"Kha Vo","2020-09-29 01:49:19",540.8
5588106,snowballball,"2020-09-30 09:31:43",761.4
5588120,Doarakko,"2020-09-29 01:33:57",564.5
5588135,Prashant,"2020-09-29 04:07:55",536.6
5588191,RayAmuro,"2020-11-19 02:59:16",771.6
5588196,Matsui_A,"2020-10-04 04:19:04",550.5
5588227,"Digital Inventor","2020-10-02 21:10:19",564.4
5588260,Thien,"2020-11-02 19:56:01",1029.3
5588274,fnakamura,"2020-09-29 02:22:38",577.6
5588284,"Cory Hisey","2020-09-29 02:22:44",566.4
5588342,ChenghanChou,"2020-09-29 03:32:59",302.4
5588344,XiaokangWang,"2020-11-10 01:38:52",1142.7
5588376,all_random,"2020-10-30 07:54:22",945.1
5588409,"Pubudu Ekanayake","2020-11-17 21:35:53",539.7
5588413,Tiki-Taka,"2020-11-01 03:47:33",1093.0
5588417,siddharth,"2020-09-29 03:16:05",298.9
5588431,Ilia,"2020-09-29 03:02:27",534.3
5588432,"Arpit Gole","2020-10-06 01:23:49",787.9
5588439,"Taipei Kicker FC","2020-09-29 03:21:04",563.9
5588460,"Niklas P-Fox","2020-09-29 03:55:48",532.7
5588483,kutopon,"2020-11-07 02:04:46",946.3
5588536,WFC,"2020-11-14 02:11:26",1417.4
5588551,"Atom Scott","2020-10-12 07:01:17",559.3
5588564,Avadhūta,"2020-09-29 04:02:30",542.5
5588579,"FC Borat [dsmlkz]","2020-10-24 11:00:11",1111.5
5588602,"F.C. TAMANO","2020-11-07 03:41:02",1129.6
5588608,GGMU,"2020-10-29 10:36:52",883.8
5588621,SivArul,"2020-09-29 06:58:24",276.0
5588634,spanishking,"2020-09-29 03:58:44",342.7
5588651,"Antonio Marin","2020-10-19 09:13:26",918.8
5588664,"Kishore M","2020-10-26 04:28:37",952.8
5588686,takecx,"2020-09-29 08:53:46",568.3
5588707,PepGuardiola,"2020-10-13 01:40:50",906.5
5588713,"Prashant Kikani","2020-11-09 02:41:37",1144.9
5588767,"Devanshu Ramaiya","2020-10-02 11:31:25",743.1
5588781,Sudhir,"2020-09-29 06:01:14",511.1
5588784,"Andres Felipe Cruz Salinas","2020-09-29 06:17:00",515.2
5588793,TMP,"2020-11-18 14:58:44",1250.8
5588841,"Nikolay Romanenkov","2020-11-12 13:01:30",1161.9
5588855,"nobrainer fc","2020-09-29 19:01:44",595.5
5588864,SHINO,"2020-10-30 08:56:54",1009.2
5588871,"Supaseth Wongondee","2020-09-29 06:23:48",289.1
5588892,"Mou Mou Farm","2020-11-02 22:34:38",1114.2
5588917,manavspg2,"2020-09-29 06:01:10",277.3
5588936,"Chandra Bhushan Roy","2020-09-29 05:33:32",527.3
5588939,hrokamo,"2020-09-29 05:28:21",532.6
5588941,MHSultan,"2020-10-25 17:40:27",554.4
5588982,"joseph ","2020-09-29 05:50:06",330.6
5589003,"Kamal Das","2020-11-09 03:20:26",1135.7
5589021,iamali,"2020-09-29 06:45:53",610.0
5589045,"Felipe Bivort ","2020-11-16 23:28:45",1178.2
5589081,ShinOKAMURA,"2020-11-14 05:35:32",497.5
5589101,"Neuron Engineer","2020-09-29 06:10:15",309.4
5589121,uenoku,"2020-11-08 15:10:32",1123.5
5589127,"Alexey Latskov","2020-10-31 23:04:34",1061.7
5589130,whoami,"2020-09-29 06:05:48",546.1
5589143,JamshaidSohail,"2020-11-19 09:39:57",1113.7
5589180,"Konstantin Sobolev ","2020-09-29 13:10:36",588.8
5589194,"Pawan Chorasiya","2020-09-29 06:32:31",331.5
5589203,"Alexander Morgun","2020-09-29 07:17:28",567.2
5589241,"Taaha Khan","2020-11-18 07:16:30",1162.5
5589259,Kmilo,"2020-10-01 05:51:10",539.7
5589268,ToRoRoRo,"2020-09-29 13:39:30",261.3
5589278,Phoenix,"2020-10-12 20:31:43",869.7
5589295,kojimar,"2020-11-11 05:36:09",1061.3
5589315,el_raudonius,"2020-10-01 13:59:31",645.9
5589379,mads,"2020-11-01 09:11:04",1086.8
5589382,spacetime_anomaly,"2020-09-29 07:00:15",551.5
5589411,hiromu,"2020-11-19 16:09:16",1086.4
5589414,See--,"2020-09-29 07:07:41",545.8
5589426,antklen,"2020-10-01 09:06:47",317.1
5589443,"Amin #1","2020-09-30 08:06:48",777.9
5589449,"Utsav Vanodiya","2020-10-04 13:12:39",539.5
5589464,AYAKZOB,"2020-09-29 09:09:26",698.3
5589552,"Dmitry Yemelyanov","2020-11-16 19:00:30",1109.8
5589555,Lugus,"2020-10-19 06:07:19",965.4
5589565,Anika,"2020-09-30 11:42:22",582.6
5589584,charger23,"2020-10-08 16:51:40",867.4
5589593,"Doesnt have Private LB","2020-11-03 12:47:22",1063.7
5589606,"Matthew Pead","2020-09-30 11:35:38",554.5
5589613,"Tianyue Cheng","2020-10-01 13:04:21",785.2
5589631,Kerbol,"2020-10-19 04:44:01",1295.0
5589655,Taka,"2020-10-29 14:08:44",522.4
5589696,"Shivam Johri","2020-11-17 18:37:40",1045.9
5589711,Bender,"2020-10-07 14:55:35",1044.6
5589717,Mist,"2020-10-06 06:04:21",895.9
5589734,"""Карпати"" знов програли в футбол","2020-11-02 10:21:37",1083.4
5589754,"Aravind Raju","2020-10-07 13:16:19",536.2
5589786,"Eric Beckwith","2020-09-29 09:54:32",537.8
5589834,validmodel,"2020-09-29 09:54:00",267.6
5589871,"林湧森 (Dyson Lin)","2020-09-29 08:50:51",588.6
5589916,"Shuntaro Tanaka","2020-11-16 19:54:58",1288.7
5589930,aishu12345,"2020-09-29 09:54:52",270.2
5589931,"primule e marmellata","2020-10-16 15:17:46",851.4
5589936,F100,"2020-10-13 05:19:09",518.0
5589953,wancyope,"2020-09-29 08:50:39",554.1
5589969,korepippi,"2020-11-12 15:25:50",828.7
5590003,YALICKJ,"2020-11-11 05:08:28",1106.7
5590024,"Omar eltouny","2020-10-09 14:49:43",918.6
5590044,toxu,"2020-09-29 09:16:38",590.5
5590046,"erdi güngör","2020-11-17 07:51:15",1267.5
5590149,kangaroo,"2020-11-20 02:23:55",1466.9
5590196,vecxoz,"2020-11-11 17:08:56",1159.9
5590237,salamino99,"2020-09-29 09:45:36",267.5
5590248,"Sudikhya Goswami","2020-09-29 11:18:23",295.8
5590252,"Vishal Sivakumar","2020-10-01 06:12:33",544.0
5590254,iamkhader,"2020-10-06 10:08:05",300.8
5590265,Yohho,"2020-09-29 10:23:26",560.3
5590285,KoyaIshikawa,"2020-10-10 14:43:13",892.3
5590302,K_K,"2020-09-29 10:16:30",289.5
5590341,"Hashtag United","2020-11-12 22:17:50",1129.2
5590361,"Dmitry Volkov","2020-09-29 10:19:50",553.3
5590374,"Javier Martínez","2020-09-29 10:30:22",529.0
5590409,MithileshThakkar,"2020-09-29 10:39:21",137.0
5590420,"Akshay Khadse","2020-09-29 10:53:24",550.8
5590456,"Parth Shukla","2020-09-30 11:26:17",168.2
5590500,"Subcontinental FC","2020-10-27 10:21:13",252.6
5590549,dtluu,"2020-09-29 11:14:52",302.0
5590558,verlaine,"2020-09-29 11:14:21",572.8
5590611,"Jungyeon Lee","2020-10-05 09:12:56",555.2
5590659,"Niraj Dere","2020-09-29 12:02:56",589.9
5590729,minguin,"2020-10-15 15:45:57",1122.3
5590736,"CHAI Jiazheng","2020-09-29 11:45:16",542.7
5590760,"Vladimir Larin","2020-10-20 06:32:49",1086.4
5590782,"Guoan NB","2020-10-31 13:18:46",1013.8
5590801,ଦୀପକ,"2020-11-06 10:42:50",1093.9
5590835,"Steve Roberts","2020-10-10 08:10:28",977.4
5590862,pranshu,"2020-11-19 05:35:03",1035.0
5590866,russointroitoa,"2020-09-29 12:19:17",134.1
5590968,nishidadaishiro,"2020-10-22 01:42:08",1041.3
5591064,"David Higham","2020-09-29 12:59:04",562.8
5591077,Panos,"2020-11-15 20:42:04",1201.5
5591097,"Deeper Systems","2020-10-06 15:05:23",933.6
5591126,"James Taylor","2020-09-29 13:20:13",154.7
5591140,Xavier,"2020-10-08 21:47:26",554.3
5591153,minaminao,"2020-09-29 13:48:41",538.0
5591177,"Taiki Kubota","2020-10-17 13:43:54",567.5
5591192,"Kazuto Makino","2020-11-15 14:11:44",1091.1
5591286,"Tom Kelly","2020-11-05 09:23:29",1294.8
5591306,"Ryo Shimada","2020-09-29 23:03:22",485.6
5591312,"başkanım beni al","2020-11-19 17:01:22",1281.5
5591372,"Aleko Dimiev","2020-10-11 14:13:33",671.7
5591384,MG1333041,"2020-10-22 14:34:05",542.5
5591417,TomoFukuta,"2020-09-30 11:52:51",569.1
5591434,"Chinmay Bharti","2020-11-10 07:14:40",1154.2
5591470,"Ivan Furs","2020-09-29 14:55:15",576.8
5591546,Jo,"2020-10-06 07:40:48",738.8
5591569,"Aboubacar KONATE","2020-09-30 07:58:34",546.7
5591623,"Dmitrij Kozachuk","2020-10-03 20:51:03",828.3
5591657,"Sahand Kashiri","2020-09-29 14:54:27",569.1
5591678,"Tottenham Botspur F.C.","2020-10-11 20:42:02",557.1
5591679,neibyr,"2020-11-17 08:01:53",1135.1
5591680,r41,"2020-09-29 14:57:43",513.4
5591765,"MUHAMMED AHSAN K V","2020-09-29 16:33:32",568.0
5591805,"SUBHAS REDDY","2020-11-14 13:08:13",1008.7
5591920,"Stanislav Chistyakov","2020-09-29 16:19:07",541.5
5591996,"Junhyeong Kim","2020-10-01 08:53:21",799.4
5592038,"Adel Valiullin","2020-11-10 15:30:07",1161.6
5592067,"Thomas Ruppert","2020-10-23 08:38:07",687.0
5592134,andrekos,"2020-11-19 23:34:19",1204.9
5592214,Grégoire,"2020-09-29 17:41:52",170.4
5592221,"Mostafa Ibrahim","2020-10-05 19:13:20",739.4
5592230,"Vignesh Pillay","2020-09-29 17:51:14",556.0
5592272,noob_ballers,"2020-09-29 17:37:07",175.1
5592289,"Quinton Starck","2020-11-18 18:39:53",1050.3
5592305,shreyansh26,"2020-09-29 17:43:39",192.7
5592319,"Hany Elgamal","2020-10-25 22:01:20",744.3
5592356,"Joshua Greenhalgh","2020-09-29 18:16:33",314.6
5592509,"Sebastijan Wieser","2020-09-29 18:32:46",578.5
5592553,"MCFC Stats","2020-10-03 00:49:25",694.9
5592649,mardiff,"2020-09-29 20:14:44",564.5
5592676,"Nischay Dhankhar","2020-11-01 19:07:46",1126.0
5592680,MarioFfm,"2020-10-01 17:40:25",563.4
5592742,yiyang,"2020-10-20 08:17:26",899.1
5592766,Vijay,"2020-11-12 04:26:56",1222.2
5592817,danbarnett,"2020-09-30 16:15:11",535.1
5592973,Niraj,"2020-10-03 15:43:44",335.2
5592992,"Aizaz Kiani","2020-09-29 22:17:44",147.3
5593007,"Andy Penrose","2020-09-30 08:02:41",295.1
5593120,snikks,"2020-09-29 22:31:44",546.8
5593202,"Liam Blything","2020-09-30 00:20:22",551.5
5593231,"Hiroaki Kobayashi","2020-10-31 22:42:31",1077.8
5593242,"Mark Conway","2020-11-15 18:04:36",1078.2
5593268,ss,"2020-10-17 05:01:23",865.4
5593285,a3cppo,"2020-10-07 13:09:09",838.4
5593287,Ken+digimagi,"2020-11-17 22:38:49",1229.0
5593318,"Minamiuwa middle school","2020-09-29 23:37:42",591.4
5593376,isk4tel,"2020-09-30 00:15:43",123.5
5593384,bearbinbinxxb,"2020-11-10 07:10:38",1046.1
5593396,haris,"2020-10-20 11:00:54",930.4
5593649,FFYYTT,"2020-10-30 21:37:56",1012.6
5593667,Rick2099,"2020-10-09 07:13:23",176.3
5593698,"Surekha Ramireddy","2020-11-10 04:55:16",1157.0
5593740,phokah,"2020-09-30 08:51:10",544.4
5593765,"Spencer Siegel","2020-10-05 21:22:05",574.5
5593835,"Frank Puk","2020-10-06 03:16:14",773.3
5593845,meet_your_maker,"2020-10-03 08:20:56",525.9
5593878,Technologia-X,"2020-10-03 08:25:00",581.2
5593896,"Niranjan Nakkala","2020-10-22 13:31:04",849.4
5593915,"Nikhil Narayan","2020-10-01 04:03:14",554.5
5593933,"Amit Hasan Shuvo","2020-10-13 10:14:45",910.1
5594006,PrasunMishra,"2020-09-30 22:37:33",463.7
5594008,"Round corner","2020-11-18 17:01:31",1212.2
5594045,"Garrett Laird","2020-10-12 13:22:02",627.6
5594060,"Rischan Mafrur","2020-11-11 15:01:35",1045.3
5594118,atfujita,"2020-11-10 07:08:30",1139.8
5594131,"Alimbekov Renat [dsmlkz]","2020-11-12 12:11:01",1129.7
5594136,vroom,"2020-10-07 05:01:48",727.0
5594224,"Dmitry Kozlov","2020-11-11 10:34:57",926.0
5594250,horohoro,"2020-10-09 16:09:04",599.4
5594257,DeepAnxiety,"2020-11-10 01:45:57",1147.3
5594437,"Garry Kuwanto","2020-10-01 05:50:49",309.1
5594548,"Tosno (HeavenLeague)","2020-10-07 02:01:26",925.3
5594593,pocket,"2020-10-24 07:09:22",893.5
5594678,Ceshine,"2020-10-24 05:59:55",899.7
5594694,"Kunal Gupta","2020-09-30 09:18:26",532.8
5594742,"GROWS AM","2020-09-30 08:13:44",545.3
5594963,"Uday Kumar Gurugubelli","2020-11-03 10:24:16",999.3
5595019,"Ranko Mosic","2020-09-30 09:23:49",566.1
5595050,PantsOfLuck,"2020-10-02 20:23:10",688.6
5595082,TSG,"2020-11-12 07:44:52",1100.2
5595305,"Aditya Bansal","2020-10-18 20:45:08",857.7
5595343,Jahnavi,"2020-09-30 11:07:05",523.1
5595413,Aisun,"2020-10-02 05:55:38",806.7
5595469,fireflies,"2020-09-30 11:55:21",539.5
5595482,Ali,"2020-10-09 11:38:23",718.1
5595486,Ullas,"2020-09-30 12:39:51",514.3
5595526,"Noach Doron","2020-09-30 12:26:50",601.0
5595574,"Nimish Santosh","2020-09-29 09:17:39",533.9
5595592,Ibon,"2020-09-30 19:26:37",543.1
5595626,"Sanjiv Lobo","2020-10-14 16:00:28",932.8
5595700,Joocheol,"2020-09-30 12:50:48",519.8
5595751,"Manas Garg","2020-10-25 12:43:04",926.0
5595803,"Tom Whelan","2020-11-03 15:00:16",1058.6
5595832,Berkan,"2020-10-01 14:10:34",565.9
5595842,"Leif Lauridsen","2020-10-08 18:52:00",914.7
5595843,"Artificial Stupidity FC","2020-10-21 21:33:16",1052.2
5596073,hookbook,"2020-11-18 15:27:55",1035.6
5596076,Takeshi.K,"2020-10-05 12:46:37",270.7
5596126,"Ken Ho","2020-10-02 15:12:14",766.4
5596167,Johannes,"2020-10-08 11:31:14",748.9
5596222,"Test Account","2020-11-19 22:00:35",1231.7
5596555,"Juha-Pekka Parto","2020-09-30 16:48:44",584.5
5596568,"Shiny Go","2020-11-03 12:11:10",975.8
5596619,"Yusuf M.","2020-10-08 21:00:13",564.7
5596705,"Jumpers for Goalposts","2020-10-04 16:33:32",726.9
5597188,Longobarda,"2020-10-05 07:15:29",533.3
5597208,natsuf,"2020-09-30 19:25:40",551.0
5597285,fcsane,"2020-10-10 21:10:22",594.1
5597350,Eagles,"2020-10-04 14:54:49",742.0
5597522,"Jean-Philippe MARY","2020-11-15 10:56:49",1149.2
5597557,Panenka,"2020-10-02 15:32:40",712.1
5597600,"Lebing Chen","2020-09-30 21:44:59",512.2
5597627,"Nikola Mitic","2020-09-30 21:44:18",534.5
5597676,FoxEight,"2020-10-01 00:38:23",559.9
5597677,NxGTR,"2020-10-15 02:54:08",891.6
5597704,"Youssef KIZOU","2020-09-30 22:17:54",532.0
5597846,Karan,"2020-10-02 17:19:15",548.6
5597888,AntiSquid,"2020-10-02 14:41:18",759.0
5598040,"Mitchell Naylor","2020-11-01 21:55:14",746.6
5598155,"Isao Tokuhara","2020-10-06 06:43:02",322.6
5598379,maya,"2020-10-01 04:10:24",135.8
5598416,gotanto,"2020-10-01 04:27:55",562.2
5598419,choi,"2020-11-12 13:10:56",502.7
5598622,"Sergey Yakushin","2020-10-01 04:27:58",105.7
5598701,"Yu Tsumura","2020-10-18 15:15:12",969.7
5599300,"Shivam Mittal","2020-11-02 06:38:18",1073.9
5599344,YoneMi,"2020-10-01 08:22:04",519.7
5599397,"Samer Fatayri","2020-11-16 14:57:53",1110.5
5599458,Brazil,"2020-10-07 19:08:56",593.8
5599578,"Prerak Agarwal","2020-10-01 09:15:52",771.4
5599728,"Saurabh Kelkar","2020-10-02 02:47:24",709.6
5599818,JazzThief,"2020-10-01 10:28:59",547.2
5599904,"Kick Start","2020-10-01 11:05:43",531.1
5599948,"Evgeny Sazhnev","2020-10-01 11:05:06",538.7
5599998,SaifNouma,"2020-10-03 09:35:59",714.4
5600039,Javu,"2020-11-17 12:51:11",1188.9
5600095,"Darkhan Nurakhmetov","2020-10-12 10:45:18",986.9
5600201,"Haoran Wang","2020-10-03 13:40:28",765.2
5600227,aitude,"2020-11-17 06:07:49",1016.6
5600335,RM36,"2020-10-07 08:39:30",930.2
5600466,"Metrica Sports","2020-10-23 14:02:37",1155.2
5600582,"Vyacheslav Rezyapkin","2020-11-04 20:33:25",994.0
5600583,Albatrosz,"2020-10-04 12:59:07",700.7
5600647,"Team Melli","2020-10-06 04:08:58",864.6
5600814,kamil,"2020-10-02 15:10:08",569.8
5600859,BDataKnowmad,"2020-10-20 15:02:25",894.2
5600983,Giri_Guro,"2020-10-01 17:13:54",558.4
5601040,CheethKeeth,"2020-10-02 01:40:54",583.6
5601046,"Egor Krasheninnikov","2020-10-05 13:45:50",736.6
5601331,AhsanDurrani,"2020-10-01 18:03:58",591.0
5601545,"Massock Batalong Maurice Blaise","2020-10-14 23:34:01",578.5
5601644,"Ken Krige","2020-10-12 21:53:02",888.8
5601700,"Mihail Parushkin","2020-11-06 18:23:48",1137.2
5601711,mithos,"2020-11-05 16:16:15",1058.2
5601896,JurePrevc,"2020-10-01 20:58:48",454.3
5601908,SimonasGrubinskas,"2020-10-01 23:11:01",527.6
5601985,"Jacob Båth","2020-10-29 22:20:32",995.8
5602009,ZidanMusk,"2020-10-01 21:11:26",554.4
5602211,Phoenixes,"2020-10-22 19:15:25",913.3
5602267,yamato,"2020-11-18 23:15:02",1127.1
5602448,"Furuhata Kazuki","2020-11-09 04:20:31",516.2
5602669,keimoriyama,"2020-10-02 02:25:41",544.3
5602690,soccerLover,"2020-11-03 01:30:49",1104.1
5602701,"Zhiwei Ren","2020-10-02 03:05:21",730.1
5602714,GreenDoor,"2020-10-04 02:24:47",539.7
5603189,"yuki miyamoto","2020-10-05 08:35:26",537.0
5603241,Javi,"2020-10-03 06:24:32",562.8
5603254,"coder penguin","2020-10-21 04:58:24",933.1
5603346,Quantified,"2020-10-29 12:53:40",874.7
5603456,"Venturillo JE","2020-10-02 11:26:14",569.9
5603532,"namae namae","2020-10-06 13:17:38",735.6
5603834,"David Mulhall","2020-10-02 13:23:03",562.3
5603870,"Abidzar M G K","2020-10-02 10:22:15",759.5
5604221,nayuta999999,"2020-10-02 11:26:40",515.7
5604246,"Alexey Evgenov","2020-10-02 10:26:32",581.7
5604284,"Rajasekhara D","2020-10-02 10:26:45",564.3
5604345,Samarpan,"2020-10-02 11:19:44",564.4
5604450,syncd,"2020-10-06 19:09:03",914.4
5604525,Freakster,"2020-11-05 04:15:14",1012.4
5604547,"Lilla Björnen","2020-10-02 11:46:19",523.4
5604556,flymetothemoon,"2020-11-19 04:21:01",1098.5
5604582,"Giorgio Giantomassi","2020-10-02 12:08:37",536.7
5604719,"Kilian Forges","2020-10-12 15:01:15",784.5
5604848,[Deleted],"2020-10-02 13:08:34",731.7
5604949,"elad yundler","2020-10-02 14:27:24",538.4
5605110,"Arkadiy Synovets","2020-10-02 14:13:36",752.0
5605115,jrke+codingamerAK,"2020-11-07 02:42:46",1123.4
5605235,LAZCoder,"2020-11-19 22:06:26",1002.8
5605265,"Alen Mujo","2020-10-10 07:35:33",860.7
5605309,"Mikhail Vlasenko","2020-10-02 14:56:40",554.7
5605389,"Balraj Ashwath","2020-11-10 10:01:09",1172.8
5605426,"Sarbajit Saha","2020-10-02 15:17:15",547.8
5605429,"Harry Andrews","2020-10-14 08:01:22",978.6
5605569,"Hadi Sotudeh","2020-10-24 23:41:08",939.3
5605679,"Louis van Gaal's Red Army!","2020-11-01 06:42:48",1071.8
5605790,Zacchaeus,"2020-10-03 13:11:27",728.3
5605967,"Yasuo Saito","2020-10-02 21:07:24",551.2
5606030,"Son Luong","2020-10-15 18:58:26",521.8
5606174,"Kaan Sağtaş","2020-10-20 12:10:11",1010.8
5606244,ZeUS,"2020-10-28 20:14:44",908.8
5606264,AnthonyM,"2020-10-04 19:10:19",155.4
5606289,Timme,"2020-11-07 16:09:19",988.6
5606427,"Benjamin Han","2020-10-02 21:04:53",582.0
5606543,jr28,"2020-10-02 21:19:40",568.3
5606551,"Zdeněk Šimůnek","2020-11-02 20:33:12",552.5
5606613,"US ORLEANS LOIRET FOOTBALL","2020-11-15 14:10:55",966.7
5606696,"F G","2020-10-02 23:56:39",542.8
5606937,"Takuya Kawatsu","2020-10-11 05:28:29",517.4
5607416,"Leo Artaza","2020-10-05 21:30:13",959.4
5607548,alhamzah,"2020-10-03 06:34:25",511.6
5607575,"Hiroyuki Matsunami","2020-10-04 02:02:29",164.7
5608041,ГазМяс,"2020-10-02 09:10:23",540.5
5608289,"Chris Cross","2020-10-03 10:52:42",544.9
5608426,[Deleted],"2020-10-04 13:14:42",208.6
5608447,Hector_Barrio,"2020-10-03 13:29:12",734.7
5608450,hklee,"2020-10-08 18:24:00",440.3
5608514,"Daniel Sánchez Santolaya","2020-11-07 11:59:31",1101.3
5608528,"mostafa sadeghi","2020-10-03 11:47:57",554.1
5608996,toutatsu,"2020-10-30 00:29:44",981.0
5609095,gota,"2020-11-17 21:26:12",670.5
5609268,wagnerikeda,"2020-11-11 16:29:04",822.1
5609554,Jaume,"2020-10-03 19:55:01",289.9
5609649,Rm4n,"2020-10-04 06:52:00",519.4
5609675,"Denis Vodchyts","2020-10-12 22:02:59",863.8
5609979,"Gumpert FC","2020-11-09 11:41:25",939.6
5610062,abracadata,"2020-10-03 20:46:34",541.6
5610194,"TheOne FC","2020-10-07 18:42:54",681.6
5610583,Sohail,"2020-10-04 03:31:48",549.1
5610638,Mickey,"2020-11-17 00:01:05",1249.9
5610648,uraraurara,"2020-10-22 23:05:47",526.4
5610670,"Hala Mong y Nada Mas","2020-11-10 06:32:07",1137.0
5610682,randomrabbit,"2020-10-04 19:04:30",594.8
5610773,KT,"2020-10-08 05:06:33",577.8
5610821,zhilu,"2020-10-05 04:50:22",537.1
5610933,"Jude TCHAYE","2020-10-26 13:16:12",373.9
5611254,triwave33,"2020-10-04 07:31:44",537.9
5611440,AviralJain,"2020-10-04 08:29:11",304.7
5611454,x5or6,"2020-11-10 00:33:01",1154.1
5611465,"John Nash","2020-10-04 08:39:18",569.3
5611488,YUUT,"2020-10-04 08:58:00",607.3
5611522,nullkara,"2020-10-04 10:40:10",597.1
5611687,"Varsha Samant","2020-10-07 08:58:21",541.8
5611854,Ktakuya,"2020-10-23 05:52:24",854.4
5612446,"TOULOUSE FC","2020-10-28 13:40:51",1214.8
5612499,"London FC","2020-10-11 16:06:21",565.4
5612567,JogaBonita,"2020-11-11 12:55:38",1063.0
5612871,marielle,"2020-10-04 15:28:10",543.6
5613014,"Rafael Garcia","2020-10-04 16:06:58",514.6
5613203,Marvex,"2020-10-08 20:23:43",548.2
5613362,"Kevin Mathew T","2020-10-04 19:46:10",727.8
5613675,C1TYZ3N,"2020-11-18 04:36:54",1088.1
5613896,"Vaibhav Sharma #2","2020-10-04 20:56:36",562.5
5613957,"Jules Sauvinet","2020-10-18 12:41:22",585.4
5613991,Lord_Hazard,"2020-10-04 22:21:31",557.7
5614005,GotAPropahSortin,"2020-11-18 12:50:56",541.9
5614126,"Jinderpaul Singh","2020-10-12 06:32:31",944.6
5614592,"Lucass Kim","2020-10-05 09:03:01",309.2
5614931,"Brian Pulfer","2020-10-09 09:55:48",549.7
5615592,"Sankalp Sharma","2020-10-05 09:11:59",750.1
5615921,"Arthur  Llau","2020-10-05 08:49:45",738.5
5616045,Vignesh,"2020-10-08 14:22:31",509.4
5616101,"Hui United","2020-11-19 08:48:20",1247.0
5616203,"Shanil Fernando","2020-10-05 12:10:32",268.7
5616287,"Amish Trivedi","2020-10-05 14:48:45",523.7
5616838,hmk,"2020-11-14 14:05:20",1232.8
5616910,"Sahil Juneja","2020-10-05 12:41:43",287.9
5617115,StevieG,"2020-10-14 13:36:05",910.8
5617192,Thodoris,"2020-10-05 12:33:34",571.0
5617251,"Georgi Pachov","2020-10-05 13:29:33",556.3
5617363,XiangAQA,"2020-10-06 13:24:43",824.6
5617415,"Sami Sahnoune","2020-10-06 02:12:43",569.9
5617428,"Pong Dylan","2020-10-27 07:17:17",993.9
5617454,tomtom,"2020-10-05 14:05:05",519.8
5617672,"Dipesh Gautam","2020-10-05 14:25:33",572.7
5617871,yuval,"2020-10-17 19:24:09",956.3
5617899,AbouzarA,"2020-10-10 14:07:23",844.8
5618118,soccerl,"2020-10-25 03:25:32",808.3
5618229,"Neo Zhao","2020-10-14 05:16:02",917.1
5618440,Magnus,"2020-10-06 16:09:51",708.6
5618441,"Pedro Novas","2020-10-06 22:02:23",721.5
5618663,"Michal Laskowski","2020-10-05 18:03:04",527.8
5618695,"SPb SU 25","2020-10-21 20:52:48",927.9
5618756,"Nerijus Areska","2020-10-10 20:34:07",817.6
5619283,Paul_Fa,"2020-11-06 15:10:17",1179.7
5619713,"FC Sam","2020-11-06 14:55:08",1038.3
5619916,futbol,"2020-10-09 03:25:21",942.9
5619937,RsTaK,"2020-10-09 18:32:56",920.2
5620057,csongor16,"2020-10-05 21:24:48",541.1
5620317,OrKatz,"2020-11-01 08:15:03",1089.9
5620489,rika,"2020-10-06 04:16:02",583.8
5621142,"Ozan Yıldız","2020-10-16 08:35:47",532.6
5621318,"Bonnie Gwyn","2020-10-06 01:59:16",568.7
5621606,Panda,"2020-10-13 03:16:28",494.4
5622008,"The Bus","2020-10-09 15:31:58",955.3
5622524,"Kaggle F.C.","2020-11-09 01:56:27",1123.5
5622717,nguyentin227,"2020-10-25 00:54:20",849.5
5623025,"Ulrich G.","2020-10-08 11:14:08",844.9
5623638,CanBul,"2020-10-08 12:53:49",765.9
5624437,wh1te,"2020-10-14 12:07:45",914.1
5624650,Yernar,"2020-10-11 00:11:09",924.4
5625177,"Glory Glory Manchester United","2020-10-06 14:43:58",731.1
5625546,"Sunil S","2020-10-07 12:57:22",549.1
5625578,"soham mukherjee","2020-10-06 15:25:41",791.2
5625874,"Sorasak Phuangphairoj","2020-10-17 06:08:34",533.1
5625942,"Uncle Roy FC","2020-10-11 18:00:58",577.5
5625980,jaribo,"2020-10-06 21:00:30",733.8
5626244,"B Brothers","2020-11-07 09:03:58",615.0
5626516,"Mukharbek Organokov","2020-11-08 21:39:17",1119.0
5626547,EugenioNB,"2020-10-06 18:30:13",540.5
5627241,ashenOne,"2020-10-08 23:39:36",714.6
5627323,Filipp,"2020-10-06 22:46:04",565.7
5627337,Archimedinho,"2020-11-17 16:48:56",1139.4
5627422,shot1107,"2020-10-09 23:39:45",416.7
5627703,"Yusuke Nakayama","2020-10-12 17:25:34",583.5
5627769,"The Brain","2020-10-09 02:15:49",560.5
5627793,MasayaTanoguchi,"2020-10-08 01:13:54",542.9
5627911,JDFord,"2020-10-09 01:41:20",783.0
5628071,xinyangkabuda1,"2020-10-26 10:43:45",979.8
5628128,"Jie Deng","2020-10-14 11:20:14",953.7
5628199,"Weimin Wang","2020-10-07 02:45:06",575.8
5629150,Joos,"2020-10-07 08:33:39",574.7
5629266,Zheyue,"2020-10-13 10:29:24",920.5
5629382,"Swati Krishna","2020-10-07 07:33:46",532.2
5629712,"M Karakida","2020-10-07 15:43:15",322.5
5629793,"Helik Thacker","2020-10-07 09:12:03",528.1
5630000,"Harshavardhan M","2020-10-16 17:50:06",569.5
5630066,"Steffen Jaeschke","2020-10-07 13:33:43",849.4
5630361,"Chan Kha Vu","2020-11-11 02:37:26",1088.5
5630483,Nobu,"2020-11-18 13:43:48",1074.5
5630696,sazas,"2020-11-16 22:19:54",1080.5
5630866,TV,"2020-11-15 16:28:27",1185.5
5630918,Joker,"2020-10-07 17:41:27",907.5
5631499,aaa,"2020-11-14 18:49:30",1142.6
5631894,"Jason Jin","2020-11-15 18:01:19",1024.6
5631914,Oregin,"2020-11-13 03:14:39",1040.6
5631966,"Migs Rocha","2020-11-18 15:00:35",1039.1
5632210,"Antonio Arci","2020-10-17 23:41:38",1029.7
5632227,"Libourne FC","2020-11-09 07:23:20",1120.6
5632257,ashkhagan,"2020-10-13 05:43:34",974.4
5632425,"RAHUL SINGH INDA","2020-10-17 16:20:51",935.3
5632503,"Laura Herlant","2020-10-07 17:46:44",530.6
5632928,Andrij,"2020-11-02 18:43:56",1111.5
5633038,alecerte,"2020-10-07 19:44:17",573.4
5633943,混元形意太极门掌门人,"2020-11-18 16:43:37",1147.4
5634004,BlindDemon,"2020-10-08 07:00:20",563.7
5634108,tinooo,"2020-11-06 12:39:21",1121.9
5634237,mhs123,"2020-10-23 00:42:37",381.0
5634349,"Josiah Tan","2020-10-13 07:45:42",918.4
5635345,"Ashutosh Chapagain","2020-10-09 06:50:13",888.8
5635754,"Jaehyun Kwon","2020-10-08 09:05:52",562.4
5635909,"Sumedh Ravi","2020-10-08 19:41:08",893.2
5635931,"Akanksha Mansharamani","2020-10-08 09:37:54",548.7
5636184,j.sanjay,"2020-11-08 06:08:42",1084.6
5636484,kocch1,"2020-10-23 06:57:53",519.1
5636507,ChingHoBall,"2020-11-14 10:14:53",1133.7
5636599,iprapas,"2020-10-20 09:57:41",908.8
5636977,DD,"2020-11-20 01:17:35",1206.7
5637095,Malluin,"2020-10-08 13:54:50",573.7
5637118,JAllardice,"2020-10-08 14:25:35",760.6
5637177,tagtagtag,"2020-10-08 14:05:22",539.3
5637854,jaron_michal,"2020-11-16 12:25:14",713.2
5637925,sneffort,"2020-10-19 02:18:26",950.8
5638020,HarryQuake,"2020-11-05 04:21:45",1034.4
5638071,Adri,"2020-10-08 17:18:58",562.5
5638303,"Ryne Mac","2020-10-08 19:35:13",874.1
5638520,RomanKuzenkov,"2020-11-19 09:33:38",1127.8
5639132,U023,"2020-10-08 23:00:39",927.9
5639471,twaka,"2020-10-12 16:37:51",267.1
5639733,"Sridhar Korupolu","2020-10-11 18:00:42",817.1
5639949,"Takayoshi Makabe","2020-10-13 11:08:50",861.3
5639971,SamW,"2020-10-17 09:19:40",719.2
5640388,Zeta__,"2020-10-14 13:12:38",540.5
5640485,"Alex Wassef","2020-10-11 06:39:47",525.5
5640990,zhmasys,"2020-10-30 08:20:03",963.2
5641093,HaiGe,"2020-10-28 12:43:28",1025.4
5641529,sublate,"2020-10-23 08:02:23",627.1
5641751,kiocla,"2020-10-09 10:31:58",498.6
5641776,"Guna Sekhar","2020-11-16 12:56:55",893.5
5641888,"Fernando Pereira","2020-10-12 18:23:10",991.2
5641925,BDB,"2020-10-10 07:34:32",967.6
5642145,"Rahu Lyu","2020-10-09 14:50:41",571.6
5642762,k222,"2020-11-16 12:25:12",1139.4
5643039,AtishDixit,"2020-10-09 15:05:10",579.7
5643043,sjh,"2020-10-19 11:13:06",814.8
5643311,"IMPROVE YOUR BOT","2020-11-05 19:15:48",1160.5
5643350,Random,"2020-10-09 17:43:43",727.0
5643929,"Alan Greenspan","2020-11-01 15:51:41",1053.1
5644200,"AI FC","2020-10-13 18:28:12",865.1
5644346,Ilu,"2020-11-07 22:10:26",1089.4
5644378,FG7,"2020-10-09 22:43:17",576.4
5644720,KaonToPion,"2020-10-10 01:45:34",594.1
5644791,C.S.L.,"2020-10-10 21:42:11",725.0
5645671,Awanda,"2020-10-10 14:20:02",869.1
5645797,biblichor,"2020-10-10 07:46:12",568.0
5645832,"Yang  Zhang","2020-10-18 09:48:36",965.3
5645870,JustinHadi,"2020-10-27 19:30:55",544.3
5645882,"Una Yequi","2020-10-16 08:49:50",874.5
5645993,s_toppo,"2020-11-16 05:44:13",1403.4
5646507,"Ege Baştürk","2020-10-18 10:50:20",953.8
5646768,"Abhishek Thakur","2020-10-13 06:35:38",939.9
5647179,Param1,"2020-11-16 11:10:13",1065.5
5647450,torclo,"2020-10-10 14:58:45",824.9
5647510,"Michael Cukier","2020-10-10 14:34:32",543.9
5647709,"Mark Kennedy","2020-10-10 16:14:41",548.4
5647896,"wassim henia","2020-11-13 14:42:10",1039.0
5648587,"Mikhail Fadeev","2020-10-10 23:16:35",281.0
5649671,"Yuliansyah Ibrahim","2020-10-30 14:40:25",738.4
5649746,"Michał Karwowski","2020-10-11 19:08:41",763.5
5650072,"F.C. mirandora","2020-11-14 15:51:49",1171.2
5650111,XORs,"2020-10-11 08:14:05",604.5
5650251,"Muhammad Fauzan Lubis","2020-10-11 09:26:26",551.8
5650283,SOF,"2020-10-11 08:54:18",548.0
5650946,Xhroria,"2020-11-01 04:13:10",1097.4
5650952,"David Black","2020-11-06 14:48:05",861.9
5650971,"Kunal S Ambardekar","2020-10-11 12:30:25",514.1
5651310,Lankinen,"2020-10-11 14:59:14",555.0
5651681,WhatsMyPurpose,"2020-10-11 15:23:03",554.6
5652096,"T. Pazo","2020-10-14 21:59:51",578.3
5652283,"Eric D","2020-10-11 18:13:42",317.2
5652390,Pieyre,"2020-10-11 19:39:08",530.6
5652414,"Izmaylov Konstantin","2020-11-17 18:34:53",1145.2
5652808,"Keisuke Chikami","2020-10-12 17:16:45",934.2
5652933,"Colby Wight","2020-10-21 00:43:55",499.6
5652934,saabas,"2020-11-10 08:22:24",791.9
5653599,PSIAnalyst,"2020-10-12 06:01:39",532.7
5653767,WeKick,"2020-11-19 13:41:01",1613.6
5654014,"Ryuichi Ishikawa","2020-11-09 23:29:46",1125.5
5654262,x1aon1q1u,"2020-10-19 13:23:09",986.0
5654530,"Ray Melius","2020-11-08 06:32:04",1128.3
5655195,"Andrea Donati","2020-10-12 08:54:26",506.6
5655517,7010,"2020-10-12 10:42:47",561.0
5655996,"zsp1197 zsp","2020-11-12 06:35:17",1400.3
5656140,"Rob Mulla","2020-10-13 00:48:11",933.8
5656565,takesyu,"2020-10-17 12:58:41",552.0
5656988,GutKick,"2020-11-19 15:50:27",802.3
5657087,"souichi ishii","2020-10-12 15:46:53",532.3
5657401,paydar,"2020-11-14 19:14:53",567.6
5658079,Anatidae,"2020-11-16 03:50:55",1074.4
5658102,"Luca Todeschini","2020-10-14 06:34:28",565.5
5658493,jarwen,"2020-10-12 22:40:19",492.7
5658753,luyaxin,"2020-11-09 05:54:04",1094.3
5658891,"Jiuyun Zhang","2020-10-29 16:46:42",1028.8
5659313,Erik,"2020-10-13 04:07:49",946.0
5659509,funkyboy,"2020-11-19 13:25:00",1036.8
5659742,^^,"2020-11-19 07:40:02",1140.9
5659840,rc95401,"2020-11-10 20:39:10",1027.3
5660147,RichDundas,"2020-11-12 08:05:31",1161.4
5660290,"Felix Yu","2020-11-17 09:37:13",1252.0
5661179,"Mighty Rains","2020-10-13 10:41:12",902.5
5661208,CLANNAD_is_No1_animation,"2020-10-27 11:07:40",891.4
5661805,"Asei Sugiyama","2020-11-13 15:37:40",1131.6
5661939,Aizaki,"2020-11-07 12:21:50",1100.8
5662198,LXGzjut,"2020-10-26 08:51:44",579.9
5662327,ys,"2020-10-15 16:42:02",910.7
5662499,"Raw Beast","2020-11-17 20:19:37",1347.3
5662775,"Guy Shefy","2020-10-13 16:40:06",547.1
5663295,"yechiel amsalem","2020-10-13 18:48:45",747.7
5663401,"Jakub Tomaszek","2020-10-23 22:49:33",523.6
5663606,"Samriddhi Sinha","2020-10-27 18:03:11",926.9
5664294,"Team SP","2020-10-26 01:33:31",923.6
5664905,denkimagic,"2020-11-09 04:01:31",1053.3
5664992,rauta,"2020-10-25 04:27:30",841.1
5665099,"Road To Reality","2020-11-18 08:44:44",1121.5
5665127,KJ,"2020-11-15 14:14:55",541.1
5665240,yukiki,"2020-11-02 10:17:28",1141.8
5665880,"FC Tartu Sead","2020-10-29 01:46:51",980.1
5666230,"Thomas Schmied","2020-10-27 18:25:01",1031.8
5666601,AIBrain,"2020-11-14 07:37:07",1261.7
5667550,"Mitsuhiro Matsuo","2020-10-18 11:54:23",947.3
5667626,dreaming666,"2020-10-22 08:07:47",907.0
5667827,Sandiago,"2020-11-18 07:06:56",1220.4
5668786,zhj1183,"2020-10-14 14:41:19",552.9
5669124,"yair jazz","2020-10-14 15:37:35",559.2
5670301,Amalgam,"2020-11-13 13:40:08",1111.2
5671202,MyLady_jp,"2020-10-14 23:06:32",562.3
5671283,DimitreOliveira,"2020-11-12 21:01:21",1166.2
5671517,"Martin Copello","2020-10-16 14:10:02",567.0
5673244,takahashihideaki,"2020-11-18 02:57:39",1131.9
5673355,"Win or Go Home","2020-11-19 11:22:36",1451.0
5673677,"Ivan Geraskin","2020-10-15 14:55:06",895.9
5674025,"kalws ta 3-0","2020-11-01 14:22:15",856.3
5674523,"Jack Saunders","2020-10-15 12:29:20",576.8
5674630,karnoroid,"2020-10-15 12:26:51",566.6
5675260,"Artem Kostrikin","2020-10-31 07:07:40",876.9
5675779,Shu,"2020-11-02 20:56:54",1129.8
5676511,"Andrii Zavhorodnii","2020-10-16 20:18:59",574.8
5677177,"Elliot Gross","2020-10-15 20:31:48",525.4
5677338,"Gabriel Almeida","2020-10-15 22:17:18",521.0
5677546,alex,"2020-10-16 06:42:00",799.0
5677684,"George #2","2020-10-15 22:16:26",526.4
5678260,"Naveen Somasundaram","2020-10-17 12:05:06",590.5
5678646,"Suraj Pattar","2020-10-16 04:27:17",498.7
5679461,"TUSHAR SARKAR","2020-10-16 06:29:58",851.5
5679540,TY.Yang,"2020-11-09 23:23:45",1184.9
5679815,DmitriiKvasov,"2020-10-20 06:14:35",947.4
5680655,yoyogirl,"2020-10-16 12:44:46",514.6
5682338,JeffreyRat,"2020-10-21 19:10:45",466.5
5682461,kambehmw,"2020-10-25 19:35:35",858.5
5682586,BIM20,"2020-11-15 21:11:51",1042.2
5682971,Kick,"2020-11-09 04:08:23",1153.7
5682975,O'MalleyTheAlyCat,"2020-10-20 20:36:46",558.2
5683011,"Ares FC","2020-10-17 10:34:28",557.5
5683487,"Amine OUASFI","2020-10-16 21:05:49",552.9
5683650,DHZM,"2020-10-16 21:50:26",912.0
5683707,Sedat,"2020-10-17 17:50:05",961.9
5683738,TENET,"2020-10-16 22:46:12",566.3
5683823,"Alan Kronberger","2020-10-19 18:43:07",833.4
5683964,"Artificial Madrid","2020-11-07 03:50:14",1063.6
5684122,LatteIce,"2020-10-18 19:02:13",660.4
5684281,"Lampard's 11","2020-11-18 01:38:50",1198.5
5684341,Leon,"2020-11-04 09:32:18",722.5
5687460,"Prabhalika Madetipati","2020-10-21 02:49:02",573.3
5687735,"Owen Habeger","2020-10-19 19:25:18",544.7
5688570,npaka,"2020-11-06 17:13:02",375.2
5688701,tenyaf,"2020-10-29 11:52:40",1047.5
5688847,nvnn,"2020-11-12 12:21:47",1122.1
5688891,"JayaSravani Mandapaka","2020-10-22 18:23:42",264.2
5688894,Dachepally,"2020-11-02 18:55:06",96.0
5688999,Hyperion13,"2020-10-18 05:28:43",536.3
5689199,"Hai Nam Nguyen","2020-10-30 04:04:17",1001.5
5689405,Foots,"2020-11-17 11:30:59",881.4
5689796,bondi,"2020-10-18 08:43:59",195.0
5689820,"Nathaniel Shimoni","2020-10-18 09:09:19",979.7
5689971,"LP space","2020-10-18 09:31:59",948.0
5690053,ludoro,"2020-10-29 10:26:05",962.4
5690169,[Deleted],"2020-10-18 10:22:46",944.9
5690935,"Shardul Telharkar","2020-10-21 03:57:22",558.9
5690936,"ah oui oui la team jul","2020-10-23 12:42:44",974.9
5691155,IGA,"2020-11-16 20:52:54",1194.4
5691179,"Dennis Igshv ","2020-10-18 15:05:06",984.5
5691289,"SIDHARDHA ALA","2020-11-06 17:10:54",288.4
5691405,"Guelmoussi Mehdi","2020-10-18 15:37:04",567.8
5691468,Lolik,"2020-11-12 20:38:42",984.9
5691688,"LTF Team 2","2020-10-29 14:14:17",866.1
5692083,"Mohaiminul Islam","2020-11-03 07:15:36",1079.3
5692136,"Utkarsh Shrivastava","2020-11-01 06:56:09",1125.4
5692155,"kalyan sai reddy","2020-11-10 16:45:35",351.4
5692186,"Araik Tamazian","2020-10-18 19:25:26",905.5
5692362,gavrand,"2020-10-18 21:15:07",966.1
5693110,lllccc,"2020-11-09 02:44:53",1162.0
5693356,"Kaggle City F.C.","2020-10-19 04:06:09",894.4
5694742,kbwen,"2020-10-25 17:16:59",862.2
5694875,f1_181920,"2020-11-11 06:00:51",1110.9
5694950,635nm,"2020-10-19 10:09:54",559.5
5695155,"Nissa FC","2020-11-16 23:13:25",983.8
5695222,"Murat Korkmaz","2020-10-30 00:19:12",969.2
5695415,Tenich,"2020-11-17 12:01:00",859.6
5696061,"Aatif Fraz","2020-10-24 14:21:04",728.8
5696217,SaltyFish,"2020-11-13 12:08:56",1580.6
5696788,JordiArmadans17,"2020-10-22 14:28:00",576.6
5699141,"Gopi Durgaprasad","2020-10-20 04:45:59",938.7
5699229,"sanjay bhargav danyamraju","2020-10-20 10:20:18",933.4
5699276,"Daisuke Yagi","2020-10-20 05:13:56",521.7
5700042,"Max ","2020-10-21 07:02:24",910.5
5700053,"Shi Zhenyu","2020-10-21 09:25:02",690.7
5700201,"Alex Golubev","2020-11-07 11:37:57",1118.7
5700419,zr,"2020-10-20 09:23:42",916.6
5700967,myaccount,"2020-10-20 16:16:30",956.3
5701239,[Deleted],"2020-11-07 07:09:35",1000.4
5702311,himasha,"2020-10-20 22:43:46",596.4
5702393,liveinparis,"2020-11-19 00:58:39",1328.3
5703091,"Team BT","2020-11-02 10:49:38",762.3
5703219,"Nacir Bouazizi","2020-10-20 19:48:13",837.6
5705127,"Himasha Perera","2020-10-21 06:36:17",302.0
5705223,TamakEri,"2020-11-18 10:28:53",997.0
5706032,AHU_104,"2020-10-20 14:07:49",559.5
5706257,cold_star,"2020-10-21 10:27:01",894.2
5706636,"isa k [dsmlkz]","2020-11-08 19:46:44",1078.7
5707436,"Nara Barros","2020-10-21 14:54:46",577.0
5707683,shu-bee,"2020-11-13 14:33:11",1111.4
5708073,Salaryman,"2020-10-21 17:02:15",724.9
5708535,vd5242,"2020-10-21 19:42:32",566.8
5708797,"Manuel Campos","2020-11-17 21:38:00",1226.9
5708901,OussamaBrahem,"2020-10-21 21:25:46",926.2
5709442,Aris阿芒,"2020-10-22 01:23:32",863.6
5709506,liyidadi,"2020-10-21 01:41:40",560.9
5709564,bilguun,"2020-11-05 08:41:34",544.0
5709629,TroubleAI,"2020-11-09 11:47:26",549.2
5709971,"good good study","2020-10-22 04:04:35",952.2
5710084,masterplan1216,"2020-10-22 06:03:19",905.2
5710283,"kty ohbe","2020-10-28 09:51:02",963.6
5710922,"Mekhdi Gakhramanian","2020-11-07 16:21:00",1156.5
5711324,slm37102,"2020-10-22 09:25:28",584.0
5711658,"Xianli Yang","2020-11-08 14:32:37",1030.0
5712174,NhatNamPham,"2020-10-29 14:05:04",1024.2
5712294,"Foucher valentin","2020-10-22 13:21:28",563.0
5712508,jtzy1,"2020-11-08 14:14:46",1086.9
5712724,cfiken,"2020-11-03 10:48:04",568.1
5712809,demolition-derby,"2020-11-15 05:24:29",540.8
5712951,polly,"2020-10-22 15:32:40",554.8
5713040,"Marat Tolibayev","2020-10-23 16:37:52",865.0
5715133,"Dmitry Nesterov","2020-10-23 05:50:21",923.5
5716417,heipiao,"2020-10-29 12:54:03",539.9
5718025,AversiveBias,"2020-11-11 20:23:18",1024.8
5718304,TomAshmore,"2020-10-23 17:18:18",877.7
5718857,"Tensor Girl","2020-11-08 16:36:23",1085.4
5718988,"Frank Schuetz","2020-10-29 03:44:13",947.0
5719124,kokiworse95,"2020-10-23 22:45:40",597.3
5720914,"Alberto Benayas","2020-11-06 19:13:29",998.2
5721169,VenkateshWs,"2020-10-24 12:06:30",564.0
5721436,3TW,"2020-10-25 01:36:45",548.3
5721513,tom.grigg,"2020-10-24 14:11:14",530.0
5721794,Dmitry,"2020-10-25 08:27:53",315.9
5722300,Nandanam,"2020-10-24 19:29:05",282.9
5722434,"Post-cringe society","2020-10-26 17:48:16",680.1
5722456,Pulkt1,"2020-10-31 18:23:34",1113.8
5723050,anthony,"2020-10-28 09:43:57",845.7
5724840,Mars,"2020-11-15 11:18:25",1190.9
5725318,"PAWAN BHAKUNI","2020-10-29 01:34:35",706.1
5725584,CyberLabs,"2020-11-01 09:52:25",1106.0
5726386,"GANchester United","2020-11-11 11:01:01",1079.2
5728350,"Zeeshan Patel","2020-10-30 17:28:19",981.5
5729072,"Udbhav Bamba","2020-11-09 09:40:53",1023.1
5730429,Kirderf,"2020-11-17 09:25:38",1184.0
5730962,"Arek Kulczycki","2020-11-02 22:44:20",731.2
5731022,Shivam,"2020-11-16 16:43:11",1198.1
5731050,B-GRF,"2020-10-27 20:44:34",817.5
5732301,"Fabian J F","2020-10-26 23:29:20",525.6
5732786,"Matheus Santos","2020-10-27 01:26:54",524.1
5733273,"Akash G","2020-11-11 03:02:52",1061.5
5733523,"JEF Yoonnited","2020-11-12 17:47:58",1137.6
5733547,"Aryan Khatana","2020-11-08 11:55:38",1156.5
5733592,immobile,"2020-11-18 03:30:04",1106.5
5734520,sin,"2020-11-08 04:32:14",1099.7
5734578,"Gabriele Dominci","2020-10-29 20:22:52",1061.6
5734868,"Cry Sports","2020-11-07 14:35:37",1180.1
5735079,"tejas shyam","2020-10-27 10:56:25",921.1
5735234,esmo,"2020-10-28 11:50:45",983.7
5735274,Aimyon,"2020-11-10 07:53:25",1099.0
5737539,"Nix Team","2020-10-27 20:51:51",588.4
5738037,"Valentin Kahn","2020-10-30 16:44:14",1009.5
5738901,Elahi,"2020-11-06 07:23:26",706.6
5739438,"Динамо Луческу","2020-11-01 09:20:27",1147.7
5739851,Nooh,"2020-11-10 08:48:39",1072.3
5739988,"Shota Ichikawa","2020-10-28 09:24:07",407.3
5740807,Moore,"2020-11-12 14:48:08",1080.0
5740808,mizoo,"2020-10-28 12:46:04",934.7
5740948,namakemono,"2020-11-07 03:34:39",1093.2
5743936,T.Gen,"2020-10-29 17:27:17",155.8
5744699,"Ashim Dahal","2020-11-03 11:35:03",563.1
5746393,"Stepan Martyanov","2020-11-08 08:40:46",445.7
5748269,"Luca Massaron","2020-10-30 15:45:26",1002.9
5748623,"Francois Lemarchand","2020-11-15 19:03:05",1042.2
5748760,Artem.Sanakoev,"2020-11-01 00:25:15",1012.4
5749003,KibaAmor,"2020-11-12 06:51:49",655.0
5749933,ddddsssaa,"2020-10-30 07:22:35",1000.8
5750200,QYQ,"2020-11-07 04:24:50",1129.1
5750444,Ashwini,"2020-10-30 09:44:32",912.8
5750477,"all or nothing","2020-11-19 17:15:24",936.0
5750948,ShlyakhovDmitry,"2020-10-30 12:33:44",951.5
5751509,"Sandeepa Kariyawasam","2020-10-30 14:22:35",528.3
5751990,"Weiming Lin","2020-10-30 16:34:41",552.8
5752236,"Milo Le","2020-10-30 17:24:23",582.5
5752279,moog,"2020-11-13 10:02:02",1146.3
5753186,js11,"2020-10-31 00:00:30",527.2
5753293,Asparagasu,"2020-10-31 01:20:40",1021.8
5753309,agent_guardiola,"2020-11-11 23:51:59",563.6
5753712,"Franco Tralice","2020-10-31 04:29:40",569.3
5754426,"Deepak Jain","2020-10-31 08:10:38",520.4
5755667,"Damian Horna","2020-11-01 22:59:30",1103.6
5756343,"Suman Sahoo","2020-11-19 15:32:09",1158.7
5756420,"Freak Furnish","2020-11-02 07:29:09",530.7
5757651,gidiFC,"2020-11-05 06:42:36",308.1
5757918,"Benjamin Boman","2020-11-03 07:43:45",593.4
5758102,TeamUpWithMe,"2020-11-01 07:44:56",1137.8
5758694,hiro,"2020-11-08 04:51:29",637.8
5758701,gsorice,"2020-11-01 11:02:49",1100.6
5758854,Rogue,"2020-11-10 04:54:00",1190.2
5759197,"PIEDEPALLA SQUADRA CINQUE","2020-10-31 22:31:35",535.1
5760312,"David Hernando Sancha","2020-11-03 07:28:24",1038.0
5760839,"Kitson Wong","2020-11-01 21:26:38",568.5
5761829,hitoshi,"2020-11-03 06:55:30",607.9
5762246,"Jaiyl Abasbekov","2020-11-02 05:55:09",1033.2
5762639,KnK00,"2020-11-04 06:45:25",542.2
5764080,theworst,"2020-11-08 12:39:10",1169.6
5764383,sathvik,"2020-11-17 15:38:55",380.6
5764886,"Anh Phan","2020-11-02 15:14:16",532.5
5766621,"David #3","2020-11-02 21:12:01",593.6
5766741,"Chris Turnbull","2020-11-17 22:04:26",932.9
5767476,muzhi,"2020-11-03 02:04:02",521.4
5768617,"Ming Fong","2020-11-03 07:18:02",1052.4
5768782,"Ancelin Serre","2020-11-03 08:02:45",564.6
5769254,"Super Saiyan","2020-11-13 21:59:53",939.3
5770579,MG,"2020-11-08 16:29:27",1111.0
5771624,Zhas1ke,"2020-11-03 18:29:47",1056.9
5772639,naoki831,"2020-11-04 04:08:27",1100.4
5772905,AIB,"2020-11-17 15:04:37",1041.6
5777168,"Piotr Stańczyk","2020-11-04 19:20:52",1277.6
5779901,"Walter Sebastian Gisler","2020-11-05 06:59:25",906.7
5779946,Touyu,"2020-11-19 17:19:16",1070.8
5780335,mkdk09,"2020-11-05 07:45:42",1093.3
5781884,"Corentin Berteloot","2020-11-05 13:31:32",578.4
5781918,"Akira Hirohashi","2020-11-18 02:23:10",1159.0
5784347,commandini,"2020-11-17 23:50:12",819.8
5784950,"Tang Tun Yu","2020-11-06 02:45:15",1063.5
5785265,HeavyChevy,"2020-11-09 01:18:45",292.9
5785296,"Chipmunk Liu","2020-11-06 07:57:44",1218.7
5787449,IB,"2020-11-09 08:59:48",554.8
5787478,"You Sheng","2020-11-06 15:42:25",1103.2
5788186,PPB,"2020-11-06 17:17:31",765.0
5788692,"Eric Freeman","2020-11-06 21:28:54",1118.4
5789114,Blackadder,"2020-11-06 21:30:28",592.2
5789355,"Soumyajit Bose","2020-11-07 05:36:57",584.4
5790620,enceladus,"2020-11-07 08:17:58",593.8
5790629,"Le Panche","2020-11-15 19:21:39",548.0
5790856,ChenTHU,"2020-11-09 08:09:34",518.7
5791159,AbdulBaseerMohammed,"2020-11-07 10:20:40",1130.6
5791177,golubyatniks,"2020-11-14 19:45:07",1124.7
5791368,"Grey Ng","2020-11-07 11:17:38",1127.4
5791716,michael1019,"2020-11-07 15:16:48",328.6
5791936,"Swapnil Bhange","2020-11-07 14:01:44",1147.7
5792750,arnaudhere,"2020-11-07 18:11:32",588.8
5793757,"Felix Kerkhoff","2020-11-11 17:21:28",1089.5
5793761,"Breizh Bears","2020-11-11 04:30:46",858.9
5794160,muwsl,"2020-11-13 08:01:12",1085.3
5795601,"Ram Ramrakhya","2020-11-13 10:53:31",1144.6
5796291,"Paul Sanders","2020-11-08 16:34:59",861.3
5796379,ThePrettyProf,"2020-11-08 16:49:18",1093.4
5796413,student,"2020-11-08 21:23:34",1210.5
5796942,"Daniil Pimanov","2020-11-10 08:00:28",1080.5
5797435,"Thomas Delard","2020-11-08 22:11:47",526.7
5797522,"Papa Gus'","2020-11-10 21:05:36",1179.4
5799461,"🥄 spoon jr 🪂","2020-11-12 10:35:34",925.7
5801518,toronaga91,"2020-11-10 12:16:36",564.1
5802834,"yolo swagadel","2020-11-10 12:41:28",830.4
5803479,"Giuseppe Nachira","2020-11-18 17:30:21",592.4
5804625,"Shamil Jamion","2020-11-10 07:23:17",580.5
5805627,"Naoki Maeda","2020-11-13 06:45:41",1202.9
5808381,k.doi,"2020-11-11 03:11:25",522.2
5808561,dzhonghua,"2020-11-13 00:17:02",985.7
5808578,cshorten,"2020-11-11 01:44:24",533.8
5808816,leadmaker,"2020-11-11 06:58:58",1191.0
5809701,magicly,"2020-11-11 08:25:18",565.9
5809714,Leo0523,"2020-11-13 06:20:26",1089.4
5810007,精确线性搜索,"2020-11-11 08:56:17",561.5
5811051,"Daniel Salamon","2020-11-11 13:12:46",561.1
5812704,"Dan Z","2020-11-11 19:23:56",522.5
5812791,"Stone Tao","2020-11-11 19:53:09",929.5
5813283,cwc1986,"2020-11-16 18:05:59",916.5
5813763,RALopez,"2020-11-14 23:49:01",553.9
5815986,QilongPan,"2020-11-13 03:57:45",534.4
5816362,"Ayush Goel","2020-11-12 13:00:11",1114.1
5817780,"CONGYUN GUO","2020-11-15 15:08:47",1153.9
5818343,ArtemKayumov,"2020-11-16 19:23:26",1075.5
5818443,"Tom C","2020-11-12 21:54:26",534.9
5819012,BIZEN,"2020-11-13 13:05:30",1147.4
5819133,Mitsuki,"2020-11-14 14:57:04",851.8
5820398,"Ioana Marchis","2020-11-13 13:24:01",529.0
5821037,merijn,"2020-11-13 12:34:19",571.6
5821508,MeisterAkk,"2020-11-13 13:18:25",580.7
5823146,"Denis Tsyupa","2020-11-17 10:30:37",928.0
5826006,JohnM,"2020-11-14 15:20:36",1151.5
5826454,"Faizan Hasan","2020-11-14 17:34:05",582.2
5827472,Hiroyuki,"2020-11-19 09:04:51",532.6
5831841,"Jade Lynn","2020-11-17 02:19:56",545.6
5832391,Jiao,"2020-11-20 04:22:17",600.0
5832423,"Yohan Lee","2020-11-16 17:26:21",1079.9
5832507,"Ethan Creagar","2020-11-16 05:28:49",1040.9
5839143,"omar ouardighi","2020-11-17 18:10:12",815.7
5843072,callmeB,"2020-11-18 16:52:55",1066.4
5846367,VVS,"2020-11-18 15:40:38",618.6
5847947,Maxpridy,"2020-11-19 07:04:42",561.2
5848651,"Gustavo Bakker","2020-11-18 06:36:40",484.8
5849702,dead_mazai,"2020-11-18 09:28:39",1062.7
5850774,"Kaveh Shahhosseini","2020-11-18 12:54:15",547.9
5851843,"Stanislav Blinov","2020-11-18 16:23:17",934.0
5852122,bordeuxred,"2020-11-15 23:45:24",846.5
5852454,"Jonathan Chávez","2020-11-18 18:09:03",586.3
5852533,"Matthieu Bessoles","2020-11-14 21:47:23",509.9
5854140,HandEgg,"2020-11-19 01:32:16",571.8
5854724,Shou-JyunZou,"2020-11-19 08:52:27",604.1
5855517,"Balaji Balasubramanian","2020-11-19 07:16:40",1123.9
5857226,kerneltyu,"2020-11-19 12:25:01",464.9
5857422,Chimoro,"2020-11-19 14:55:52",446.5
5857621,kuroko_42,"2020-11-20 00:58:21",1013.7
